ID,Name,Tags,Faculty,School,CourseOutline,Campus,Career,UoC,EFTSL,ICHPW,Prereq,Excluded,CSSCC,GenEd,Description,,,,Enjoy,Difficult,Skip
COMP1000,"Introduction to World Wide Web, Spreadsheets and Databases","<a href=/faculties/2017/eng/eng.html"">Faculty of Engineering</a>""","<a href=http://www.cse.unsw.edu.au/"">School of Computer Science and Engineering</a>""",<a class='iw_tst' href='http://www.cse.unsw.edu.au/~cs1000'>http://www.cse.unsw.edu.au/~cs1000</a>,Sydney,Undergraduate,6,0.125,0,,"COMP0011, GENE8000",2,Yes,,,,,,,,
COMP1400,Programming for Designers,"<a href=/faculties/2017/eng/eng.html"">Faculty of Engineering</a>""","<a href=http://www.cse.unsw.edu.au/"">School of Computer Science and Engineering</a>""",<a class='iw_tst' href='http://www.cse.unsw.edu.au/~cs1400'>www.cse.unsw.edu.au/~cs1400</a>,Sydney,Undergraduate,6,0.125,3, Enrolment in a non-CSE program.,"INFS1609, INFS2609",2,Yes,,,,,,,,
COMP1511,Introduction to Programming,"<a href=/faculties/2017/eng/eng.html"">Faculty of Engineering</a>""","<a href=http://www.cse.unsw.edu.au/"">School of Computer Science and Engineering</a>""",<a class='iw_tst' href='https://www.engineering.unsw.edu.au/computer-science-engineering/courses-programs/undergraduate'>Refer to the School's website</a>,Sydney,Undergraduate,6,0.125,7,,,2,Yes,,,,,,,,
COMP1521,Computer Systems Fundamentals,"<a href=/faculties/2017/eng/eng.html"">Faculty of Engineering</a>""","<a href=http://www.cse.unsw.edu.au/"">School of Computer Science and Engineering</a>""",<a class='iw_tst' href='https://www.engineering.unsw.edu.au/computer-science-engineering/courses-programs/course-offerings'>School website</a>,Sydney,Undergraduate,6,0.125,6,COMP1511 or COMP1911 or COMP1917,,2,Yes,,,,,,,,
COMP1531,Software Engineering Fundamentals,"<a href=/faculties/2017/eng/eng.html"">Faculty of Engineering</a>""","<a href=http://www.cse.unsw.edu.au/"">School of Computer Science and Engineering</a>""",<a class='iw_tst' href='https://www.engineering.unsw.edu.au/computer-science-engineering'>School</a>,Sydney,Undergraduate,6,0.125,7,COMP1511 or COMP1917 or COMP1921,"SENG1010, SENG1020, SENG1031",2,Yes,,,,,,,,
COMP1911,Computing 1A,"<a href=/faculties/2017/eng/eng.html"">Faculty of Engineering</a>""","<a href=http://www.cse.unsw.edu.au/"">School of Computer Science and Engineering</a>""",<a class='iw_tst' href='http://www.cse.unsw.edu.au/~cs1911'>www.cse.unsw.edu.au/~cs1911</a>,Sydney,Undergraduate,6,0.125,6, Enrolment in a non-CSE program.,,2,Yes,,,,,,,,
COMP1927,Computing 2,"<a href=/faculties/2017/eng/eng.html"">Faculty of Engineering</a>""","<a href=http://www.cse.unsw.edu.au/"">School of Computer Science and Engineering</a>""",<a class='iw_tst' href='http://www.cse.unsw.edu.au/~cs1927'>www.cse.unsw.edu.au/~cs1927</a>,Sydney,Undergraduate,6,0.125,6,COMP1917 or COMP1921.,,2,Yes,,,,,,,,
COMP2041,Software Construction: Techniques and Tools,"<a href=/faculties/2017/eng/eng.html"">Faculty of Engineering</a>""","<a href=http://www.cse.unsw.edu.au/"">School of Computer Science and Engineering</a>""",<a class='iw_tst' href='http://www.cse.unsw.edu.au/~cs2041'>www.cse.unsw.edu.au/~cs2041</a>,Sydney,Undergraduate,6,0.125,5,COMP1511 or COMP1917 or COMP1921,COMP9041,2,,,,,,,,,
COMP2111,System Modelling and Design,"<a href=/faculties/2017/eng/eng.html"">Faculty of Engineering</a>""","<a href=http://www.cse.unsw.edu.au/"">School of Computer Science and Engineering</a>""",<a class='iw_tst' href='http://www.cse.unsw.edu.au/~cs2111'>www.cse.unsw.edu.au/~cs2111</a>,Sydney,Undergraduate,6,0.125,4,"MATH1081, and COMP1511 or COMP1917 or COMP1911",,2,,,,,,,,,
COMP2121,Microprocessors and Interfacing,"<a href=/faculties/2017/eng/eng.html"">Faculty of Engineering</a>""","<a href=http://www.cse.unsw.edu.au/"">School of Computer Science and Engineering</a>""",<a class='iw_tst' href='http://www.cse.unsw.edu.au/~cs2121'>www.cse.unsw.edu.au/~cs2121</a>,Sydney,Undergraduate,6,0.125,5,"COMP1917 or COMP1921 or COMP1511 or COMP1521, or (COMP1911 and MTRN2500)","ELEC2142, MTRN3200",2,,,,,,,,,
COMP2521,Data Structures and Algorithms,"<a href=/faculties/2017/eng/eng.html"">Faculty of Engineering</a>""","<a href=http://www.cse.unsw.edu.au/"">School of Computer Science and Engineering</a>""",<a class='iw_tst' href='https://www.engineering.unsw.edu.au/computer-science-engineering'>School</a>,Sydney,Undergraduate,6,0.125,7,COMP1511 or COMP1917 or COMP1921,COMP1927,2,Yes,,,,,,,,
COMP2911,Engineering Design in Computing,"<a href=/faculties/2017/eng/eng.html"">Faculty of Engineering</a>""","<a href=http://www.cse.unsw.edu.au/"">School of Computer Science and Engineering</a>""",<a class='iw_tst' href='http://www.cse.unsw.edu.au/~cs2911'>www.cse.unsw.edu.au/~cs2911</a>,Sydney,Undergraduate,6,0.125,5,COMP1927 or MTRN3500,,2,,,,,,,,,
COMP3121,Algorithms and Programming Techniques,"<a href=/faculties/2017/eng/eng.html"">Faculty of Engineering</a>""","<a href=http://www.cse.unsw.edu.au/"">School of Computer Science and Engineering</a>""",<a class='iw_tst' href='http://www.cse.unsw.edu.au/~cs3121'>www.cse.unsw.edu.au/~cs3121</a>,Sydney,Undergraduate,6,0.125,5,COMP1927 or COMP2521 or a mark of at least 65 in COMP1921,COMP3821,2,,,,,,,,,
COMP3131,Programming Languages and Compilers,"<a href=/faculties/2017/eng/eng.html"">Faculty of Engineering</a>""","<a href=http://www.cse.unsw.edu.au/"">School of Computer Science and Engineering</a>""",<a class='iw_tst' href='http://www.cse.unsw.edu.au/~cs3131'>www.cse.unsw.edu.au/~cs3131</a>,Sydney,Undergraduate,6,0.125,5,COMP2511 or COMP2911,,2,,,,,,,,,
COMP3141,Software System Design and Implementation,"<a href=/faculties/2017/eng/eng.html"">Faculty of Engineering</a>""","<a href=http://www.cse.unsw.edu.au/"">School of Computer Science and Engineering</a>""",<a class='iw_tst' href='http://www.cse.unsw.edu.au/~cs3141'>www.cse.unsw.edu.au/~cs3141</a>,Sydney,Undergraduate,6,0.125,5,COMP1927 or COMP2521 or a mark of at least 65 in COMP1921,,2,,,,,,,,,
COMP3151,Foundations of Concurrency,"<a href=/faculties/2017/eng/eng.html"">Faculty of Engineering</a>""","<a href=http://www.cse.unsw.edu.au/"">School of Computer Science and Engineering</a>""",<a class='iw_tst' href='http://www.cse.unsw.edu.au/~cs3151'>www.cse.unsw.edu.au/~cs3151</a>,Sydney,Undergraduate,6,0.125,5,"COMP1927, or COMP1521 and COMP2521",COMP9151,2,,,,,,,,,
COMP3153,Algorithmic Verification,"<a href=/faculties/2017/eng/eng.html"">Faculty of Engineering</a>""","<a href=http://www.cse.unsw.edu.au/"">School of Computer Science and Engineering</a>""",<a class='iw_tst' href='http://www.cse.unsw.edu.au/~cs3153'>www.cse.unsw.edu.au/~cs3153</a>,Sydney,Undergraduate,6,0.125,3,"COMP2521, or a mark of at least 65 in COMP1927, or a mark of at least 75 in COMP1921",,2,,,,,,,,,
COMP3161,Concepts of Programming Languages,"<a href=/faculties/2017/eng/eng.html"">Faculty of Engineering</a>""","<a href=http://www.cse.unsw.edu.au/"">School of Computer Science and Engineering</a>""",<a class='iw_tst' href='http://www.cse.unsw.edu.au/~cs3161'>www.cse.unsw.edu.au/~cs3161</a>,Sydney,Undergraduate,6,0.125,3,COMP2521 or COMP1927,COMP9161,2,,,,,,,,,
COMP3211,Computer Architecture,"<a href=/faculties/2017/eng/eng.html"">Faculty of Engineering</a>""","<a href=http://www.cse.unsw.edu.au/"">School of Computer Science and Engineering</a>""",<a class='iw_tst' href='http://www.cse.unsw.edu.au/~cs3211'>www.cse.unsw.edu.au/~cs3211</a>,Sydney,Undergraduate,6,0.125,5,COMP3222 or ELEC2141.,,2,,,,,,,,,
COMP3222,Digital Circuits and Systems,"<a href=/faculties/2017/eng/eng.html"">Faculty of Engineering</a>""","<a href=http://www.cse.unsw.edu.au/"">School of Computer Science and Engineering</a>""",<a class='iw_tst' href='http://www.cse.unsw.edu.au/~cs3222'>www.cse.unsw.edu.au/~cs3222</a>,Sydney,Undergraduate,6,0.125,5,"COMP2121, or (ELEC1111 or ELEC1112, and COMP1521 or COMP1927)",ELEC2141,2,,,,,,,,,
COMP3231,Operating Systems,"<a href=/faculties/2017/eng/eng.html"">Faculty of Engineering</a>""","<a href=http://www.cse.unsw.edu.au/"">School of Computer Science and Engineering</a>""",<a class='iw_tst' href='http://www.cse.unsw.edu.au/~cs3231'>www.cse.unsw.edu.au/~cs3231</a>,Sydney,Undergraduate,6,0.125,5,"COMP1521 or COMP2121, and COMP2521 or COMP1927",,2,,,,,,,,,
COMP3311,Database Systems,"<a href=/faculties/2017/eng/eng.html"">Faculty of Engineering</a>""","<a href=http://www.cse.unsw.edu.au/"">School of Computer Science and Engineering</a>""",<a class='iw_tst' href='http://www.cse.unsw.edu.au/~cs3311'>www.cse.unsw.edu.au/~cs3311</a>,Sydney,Undergraduate,6,0.125,5,COMP1531 or COMP1927,"COMP9311, INFS5992",2,,,,,,,,,
COMP3331,Computer Networks and Applications,"<a href=/faculties/2017/eng/eng.html"">Faculty of Engineering</a>""","<a href=http://www.cse.unsw.edu.au/"">School of Computer Science and Engineering</a>""",<a class='iw_tst' href='http://www.cse.unsw.edu.au/~cs3331'>www.cse.unsw.edu.au/~cs3331</a>,Sydney,Undergraduate,6,0.125,5,"COMP1921 or COMP1927 or MTRN3500, or (COMP1521, and COMP2521 or MTRN3500)",,2,,,,,,,,,
COMP3411,Artificial Intelligence,"<a href=/faculties/2017/eng/eng.html"">Faculty of Engineering</a>""","<a href=http://www.cse.unsw.edu.au/"">School of Computer Science and Engineering</a>""",<a class='iw_tst' href='http://www.cse.unsw.edu.au/~cs3411'>www.cse.unsw.edu.au/~cs3411</a>,Sydney,Undergraduate,6,0.125,4,COMP2521 or COMP1927,"COMP9414, COMP9814",2,,,,,,,,,
COMP3421,Computer Graphics,"<a href=/faculties/2017/eng/eng.html"">Faculty of Engineering</a>""","<a href=http://www.cse.unsw.edu.au/"">School of Computer Science and Engineering</a>""",<a class='iw_tst' href='http://www.cse.unsw.edu.au/~cs3421'>www.cse.unsw.edu.au/~cs3421</a>,Sydney,Undergraduate,6,0.125,5,COMP2511 or COMP2911,,2,,,,,,,,,
COMP3431,Robotic Software Architecture,"<a href=/faculties/2017/eng/eng.html"">Faculty of Engineering</a>""","<a href=http://www.cse.unsw.edu.au/"">School of Computer Science and Engineering</a>""",<a class='iw_tst' href='http://www.cse.unsw.edu.au/~cs3431'>www.cse.unsw.edu.au/~cs3431</a>,Sydney,Undergraduate,6,0.125,6,"COMP2521 or COMP1927, and a WAM of at least 70",COMP9431,2,,,,,,,,,
COMP3511,Human Computer Interaction,"<a href=/faculties/2017/eng/eng.html"">Faculty of Engineering</a>""","<a href=http://www.cse.unsw.edu.au/"">School of Computer Science and Engineering</a>""",<a class='iw_tst' href='http://www.cse.unsw.edu.au/~cs3511'>www.cse.unsw.edu.au/~cs3511</a>,Sydney,Undergraduate,6,0.125,5,Completion of 48 UOC,,2,Yes,,,,,,,,
COMP3601,Design Project A,"<a href=/faculties/2017/eng/eng.html"">Faculty of Engineering</a>""","<a href=http://www.cse.unsw.edu.au/"">School of Computer Science and Engineering</a>""",<a class='iw_tst' href='http://www.cse.unsw.edu.au/~cs3601'>www.cse.unsw.edu.au/~cs3601</a>,Sydney,Undergraduate,6,0.125,5,COMP2121,,2,,,,,,,,,
COMP3821,Extended Algorithms and Programming Techniques,"<a href=/faculties/2017/eng/eng.html"">Faculty of Engineering</a>""","<a href=http://www.cse.unsw.edu.au/"">School of Computer Science and Engineering</a>""",<a class='iw_tst' href='http://www.cse.unsw.edu.au/~cs3821'>www.cse.unsw.edu.au/~cs3821</a>,Sydney,Undergraduate,6,0.125,5,"COMP2521, or a mark of at least 65 in COMP1927, or a mark of at least 75 in COMP1921",COMP3121,2,,,,,,,,,
COMP3891,Extended Operating Systems,"<a href=/faculties/2017/eng/eng.html"">Faculty of Engineering</a>""","<a href=http://www.cse.unsw.edu.au/"">School of Computer Science and Engineering</a>""",<a class='iw_tst' href='http://www.cse.unsw.edu.au/~cs3891'>www.cse.unsw.edu.au/~cs3891</a>,Sydney,Undergraduate,6,0.125,5,"COMP1521 or COMP2121, and COMP2521 or COMP1927, and a WAM of at least 75",,2,,,,,,,,,
COMP3901,Special Project A,"<a href=/faculties/2017/eng/eng.html"">Faculty of Engineering</a>""","<a href=http://www.cse.unsw.edu.au/"">School of Computer Science and Engineering</a>""","<a href=http://www.cse.unsw.edu.au/about-us/help-resources/for-students/student-projects/ugrdprojects/"">http://www.cse.unsw.edu.au/about-us/help-resources/for-students/student-projects/ugrdprojects/</a>""",Sydney,Undergraduate,6,0.125,0,,,2,,,,,,,,,
COMP3902,Special Project B,"<a href=/faculties/2017/eng/eng.html"">Faculty of Engineering</a>""","<a href=http://www.cse.unsw.edu.au/"">School of Computer Science and Engineering</a>""","<a href=http://www.cse.unsw.edu.au/about-us/help-resources/for-students/student-projects/ugrdprojects/"">http://www.cse.unsw.edu.au/about-us/help-resources/for-students/student-projects/ugrdprojects/</a>""",Sydney,Undergraduate,12,0.25,1,,,2,,,,,,,,,
COMP4121,Advanced and Parallel Algorithms,"<a href=/faculties/2017/eng/eng.html"">Faculty of Engineering</a>""","<a href=http://www.cse.unsw.edu.au/"">School of Computer Science and Engineering</a>""",<a class='iw_tst' href='http://www.cse.unsw.edu.au/~cs4121'>www.cse.unsw.edu.au/~cs4121</a>,Sydney,Undergraduate,6,0.125,4,COMP3121 or COMP3821.,,2,,,,,,,,,
COMP4128,Programming Challenges,"<a href=/faculties/2017/eng/eng.html"">Faculty of Engineering</a>""","<a href=http://www.cse.unsw.edu.au/"">School of Computer Science and Engineering</a>""",<a class='iw_tst' href='http://www.cse.unsw.edu.au/~cs4128'>http://www.cse.unsw.edu.au/~cs4128</a>,Sydney,Undergraduate,6,0.125,0,,,2,,,,,,,,,
COMP4141,Theory of Computation,"<a href=/faculties/2017/eng/eng.html"">Faculty of Engineering</a>""","<a href=http://www.cse.unsw.edu.au/"">School of Computer Science and Engineering</a>""",<a class='iw_tst' href='http://www.cse.unsw.edu.au/~cs4141'>www.cse.unsw.edu.au/~cs4141</a>,Sydney,Undergraduate,6,0.125,4,COMP1927 or MATH2301.,,2,,,,,,,,,
COMP4161,Advanced Topics in Software Verification,"<a href=/faculties/2017/eng/eng.html"">Faculty of Engineering</a>""","<a href=http://www.cse.unsw.edu.au/"">School of Computer Science and Engineering</a>""",<a class='iw_tst' href='http://www.cse.unsw.edu.au/~cs4161'>www.cse.unsw.edu.au/~cs4161</a>,Sydney,Undergraduate,6,0.125,3,Completion of 48 UOC,,2,,,,,,,,,
COMP4181,Language-based Software Safety,"<a href=/faculties/2017/eng/eng.html"">Faculty of Engineering</a>""","<a href=http://www.cse.unsw.edu.au/"">School of Computer Science and Engineering</a>""",<a class='iw_tst' href='http://www.cse.unsw.edu.au/~cs4181'>www.cse.unsw.edu.au/~cs4181</a>,Sydney,Undergraduate,6,0.125,3,COMP2521 or COMP1927,COMP9181,2,,,,,,,,,
COMP4336,Mobile Data Networking,"<a href=/faculties/2017/eng/eng.html"">Faculty of Engineering</a>""","<a href=http://www.cse.unsw.edu.au/"">School of Computer Science and Engineering</a>""",<a class='iw_tst' href='http://www.cse.unsw.edu.au/~cs4336'>www.cse.unsw.edu.au/~cs4336</a>,Sydney,Undergraduate,6,0.125,5,COMP3331.,,2,,,,,,,,,
COMP4337,Securing Wireless Networks,"<a href=/faculties/2017/eng/eng.html"">Faculty of Engineering</a>""","<a href=http://www.cse.unsw.edu.au/"">School of Computer Science and Engineering</a>""",<a class='iw_tst' href='http://www.cse.unsw.edu.au/~cs4337'>www.cse.unsw.edu.au/~cs4337</a>,Sydney,Undergraduate,6,0.125,5,COMP3331.,,2,,,,,,,,,
COMP4418,Knowledge Representation and Reasoning,"<a href=/faculties/2017/eng/eng.html"">Faculty of Engineering</a>""","<a href=http://www.cse.unsw.edu.au/"">School of Computer Science and Engineering</a>""",<a class='iw_tst' href='http://www.cse.unsw.edu.au/~cs4418'>www.cse.unsw.edu.au/~cs4418</a>,Sydney,Undergraduate,6,0.125,3,COMP3411 or COMP4415,,2,,,,,,,,,
COMP4601,Design Project B,"<a href=/faculties/2017/eng/eng.html"">Faculty of Engineering</a>""","<a href=http://www.cse.unsw.edu.au/"">School of Computer Science and Engineering</a>""",<a class='iw_tst' href='http://www.cse.unsw.edu.au/~cs4601'>www.cse.unsw.edu.au/~cs4601</a>,Sydney,Undergraduate,6,0.125,5,COMP3211 and COMP3601.,,2,,,,,,,,,
COMP4904,Industrial Training 1,"<a href=/faculties/2017/eng/eng.html"">Faculty of Engineering</a>""","<a href=http://www.cse.unsw.edu.au/"">School of Computer Science and Engineering</a>""",<a class='iw_tst' href='http://www.cse.unsw.edu.au/undergrad/programs/cscoop.html'>www.cse.unsw.edu.au/undergrad/programs/cscoop.html</a>,Sydney,Undergraduate,18,0.375,0,72uc completed in Computer Science Co-op program.,,2,,,,,,,,,
COMP4905,Industrial Training 2,"<a href=/faculties/2017/eng/eng.html"">Faculty of Engineering</a>""","<a href=http://www.cse.unsw.edu.au/"">School of Computer Science and Engineering</a>""",<a class='iw_tst' href='http://www.cse.unsw.edu.au/undergrad/programs/cscoop.html'>www.cse.unsw.edu.au/undergrad/programs/cscoop</a>,Sydney,Undergraduate,15,0.3125,0,COMP4904,,2,,,,,,,,,
COMP4906,Industrial Training 3,"<a href=/faculties/2017/eng/eng.html"">Faculty of Engineering</a>""","<a href=http://www.cse.unsw.edu.au/"">School of Computer Science and Engineering</a>""",<a class='iw_tst' href='http://www.cse.unsw.edu.au/undergrad/programs/cscoop.html'>www.cse.unsw.edu.au/undergrad/programs/cscoop</a>,Sydney,Undergraduate,15,0.3125,0,,,2,,,,,,,,,
COMP4910,Thesis Part A,,,,,,,,,,,,,,,,,,,,
COMP4911,Thesis Part B,,,,,,,,,,,,,,,,,,,,
COMP4920,Management and Ethics,"<a href=/faculties/2017/eng/eng.html"">Faculty of Engineering</a>""","<a href=http://www.cse.unsw.edu.au/"">School of Computer Science and Engineering</a>""",<a class='iw_tst' href='http://www.cse.unsw.edu.au/~cs4920'>www.cse.unsw.edu.au/~cs4920</a>,Sydney,Undergraduate,6,0.125,4,"COMP2511 or COMP2911, and in the final year of the BSc Computer Science or BE / BE (Hons) Bioinformatics Engineering or Computer Engineering. Software Engineering students enrol in SENG4920.","BINF4920, COMP2920, SENG4920, SENG4921",1,,,,,,,,,
COMP4930,Thesis Part A,"<a href=/faculties/2017/eng/eng.html"">Faculty of Engineering</a>""","<a href=http://www.cse.unsw.edu.au/"">School of Computer Science and Engineering</a>""",<a class='iw_tst' href='http://www.cse.unsw.edu.au/thesis/'>www.cse.unsw.edu.au/thesis</a>,Sydney,Undergraduate,6,0.125,5," Enrolment in Bachelor of Science (Honours) program 4515, or 126 units of credit completed in BE Computer Engineering, BE Bioinformatics or Bioinformatics Engineering, or BE (Honours) Software Engineering.",,2,,,,,,,,,
COMP4931,Thesis Part B,"<a href=/faculties/2017/eng/eng.html"">Faculty of Engineering</a>""","<a href=http://www.cse.unsw.edu.au/"">School of Computer Science and Engineering</a>""",<a class='iw_tst' href='http://www.cse.unsw.edu.au/thesis/'>www.cse.unsw.edu.au/thesis</a>,Sydney,Undergraduate,6,0.125,5,COMP4930. Excluded: Program 4515.,"BINF4911, BIOM5921, BIOM5951, BIOM5961, BIOM5971, COMP4911, COMP4941, SENG4911",2,,,,,,,,,
COMP4941,Thesis Part B,"<a href=/faculties/2017/eng/eng.html"">Faculty of Engineering</a>""","<a href=http://www.cse.unsw.edu.au/"">School of Computer Science and Engineering</a>""",<a class='iw_tst' href='http://www.cse.unsw.edu.au/thesis/'>www.cse.unsw.edu.au/thesis</a>,Sydney,Undergraduate,12,0.25,0,COMP4930 and [75 WAM or enrolment in Computer Science Honours],"BINF4911, BIOM5921, BIOM5951, BIOM5961, BIOM5971, COMP4911, COMP4931, SENG4911",2,,,,,,,,,
COMP6441,Security Engineering and Cyber Security,"<a href=/faculties/2017/eng/eng.html"">Faculty of Engineering</a>""","<a href=http://www.cse.unsw.edu.au/"">School of Computer Science and Engineering</a>""","<a href=http://www.cse.unsw.edu.au/~cs6441"">http://www.cse.unsw.edu.au/~cs6441</a>""",Sydney,Undergraduate,6,0.125,4,Completion of 48 UOC,"COMP3441, COMP6841, COMP9441",2,Yes,,,,,,,,
COMP6443,Web Application Security and Testing,"<a href=/faculties/2017/eng/eng.html"">Faculty of Engineering</a>""","<a href=http://www.cse.unsw.edu.au/"">School of Computer Science and Engineering</a>""","<a href=http://www.cse.unsw.edu.au/~cs6443"">http://www.cse.unsw.edu.au/~cs6443</a>""",Sydney,Undergraduate,6,0.125,5,COMP6441 or COMP6841 or COMP3441 or COMP9321,COMP6843,2,Yes,,,,,,,,
COMP6445,Digital Forensics,"<a href=/faculties/2017/eng/eng.html"">Faculty of Engineering</a>""","<a href=http://www.cse.unsw.edu.au/"">School of Computer Science and Engineering</a>""",<a class='iw_tst' href='https://www.engineering.unsw.edu.au/computer-science-engineering'>School</a>,Sydney,Undergraduate,6,0.125,5,"COMP3441 or COMP6441 or COMP6841, and COMP3231 or COMP3891",COMP6845,2,Yes,,,,,,,,
COMP6448,Security Engineering Masterclass,"<a href=/faculties/2017/eng/eng.html"">Faculty of Engineering</a>""","<a href=http://www.cse.unsw.edu.au/"">School of Computer Science and Engineering</a>""",<a class='iw_tst' href='https://www.engineering.unsw.edu.au/computer-science-engineering'>School</a>,Sydney,Undergraduate,6,0.125,30,COMP6841,,2,Yes,,,,,,,,
COMP6714,Information Retrieval and Web Search,"<a href=/faculties/2017/eng/eng.html"">Faculty of Engineering</a>""","<a href=http://www.cse.unsw.edu.au/"">School of Computer Science and Engineering</a>""","<a href=http://www.cse.unsw.edu.au/~cs6714"">http://www.cse.unsw.edu.au/~cs6714</a>""",Sydney,Undergraduate,6,0.125,3,MATH1081 and COMP2041,,2,,,,,,,,,
COMP6733,Internet of Things Experimental Design Studio,"<a href=/faculties/2017/eng/eng.html"">Faculty of Engineering</a>""","<a href=http://www.cse.unsw.edu.au/"">School of Computer Science and Engineering</a>""",<a class='iw_tst' href='http://www.cse.unsw.edu.au/~cs6733'>www.cse.unsw.edu.au/~cs6733</a>,Sydney,Undergraduate,6,0.125,5,65 WAM and COMP3331,"COMP4335, COMP9335",2,,,,,,,,,
COMP6741,Parameterized and Exact Computation,"<a href=/faculties/2017/eng/eng.html"">Faculty of Engineering</a>""","<a href=http://www.cse.unsw.edu.au/"">School of Computer Science and Engineering</a>""","<a href=http://www.cse.unsw.edu.au/~cs6741"">http://www.cse.unsw.edu.au/~cs6741</a>""",Sydney,Undergraduate,6,0.125,3,COMP3121 or COMP3821.,,2,,,,,,,,,
COMP6771,Advanced C++ Programming,"<a href=/faculties/2017/eng/eng.html"">Faculty of Engineering</a>""","<a href=http://www.cse.unsw.edu.au/"">School of Computer Science and Engineering</a>""","<a href=http://www.cse.unsw.edu.au/~cs6771"">http://www.cse.unsw.edu.au/~cs6771</a>""",Sydney,Undergraduate,6,0.125,4,COMP2511 or COMP2911,"COMP3171, COMP9171",2,,,,,,,,,
COMP6841,Extended Security Engineering and Cyber Security,"<a href=/faculties/2017/eng/eng.html"">Faculty of Engineering</a>""","<a href=http://www.cse.unsw.edu.au/"">School of Computer Science and Engineering</a>""","<a href=http://www.cse.unsw.edu.au/~cs6841"">http://www.cse.unsw.edu.au/~cs6841</a>""",Sydney,Undergraduate,6,0.125,5,"Completion of 48 UOC, and COMP1927 or COMP2521","COMP3441, COMP6441, COMP9441",2,Yes,,,,,,,,
COMP6843,Extended Web Application Security and Testing,"<a href=/faculties/2017/eng/eng.html"">Faculty of Engineering</a>""","<a href=http://www.cse.unsw.edu.au/"">School of Computer Science and Engineering</a>""","<a href=http://www.cse.unsw.edu.au/~cs6843"">http://www.cse.unsw.edu.au/~cs6843</a>""",Sydney,Undergraduate,6,0.125,6,COMP6441 or COMP6841 or COMP3441 or COMP9321,COMP6443,2,,,,,,,,,
COMP6845,Extended Digital Forensics and Incident Response,"<a href=/faculties/2017/eng/eng.html"">Faculty of Engineering</a>""","<a href=http://www.cse.unsw.edu.au/"">School of Computer Science and Engineering</a>""",<a class='iw_tst' href='https://www.engineering.unsw.edu.au/computer-science-engineering'>School</a>,Sydney,Undergraduate,6,0.125,6,"COMP3441 or COMP6441 or COMP6841, and COMP3231 or COMP3891",COMP6445,2,,,,,,,,,
COMP9020,Foundations of Computer Science,,,,,,,,,,,,,,,,,,,,
COMP9021,Principles of Programming,,,,,,,,,,,,,,,,,,,,
COMP9024,Data Structures and Algorithms,,,,,,,,,,,,,,,,,,,,
COMP9032,Microprocessors and Interfacing,,,,,,,,,,,,,,,,,,,,
COMP9041,Software Construction: Techniques and Tools,,,,,,,,,,,,,,,,,,,,
COMP9101,Design and Analysis of Algorithms,,,,,,,,,,,,,,,,,,,,
COMP9102,Programming Languages and Compilers,,,,,,,,,,,,,,,,,,,,
COMP9151,Foundations of Concurrency,,,,,,,,,,,,,,,,,,,,
COMP9153,Algorithmic Verification,,,,,,,,,,,,,,,,,,,,
COMP9161,Concepts of Programming Languages,,,,,,,,,,,,,,,,,,,,
COMP9181,Language-based Software Safety,,,,,,,,,,,,,,,,,,,,
COMP9201,Operating Systems,,,,,,,,,,,,,,,,,,,,
COMP9211,Computer Architecture,,,,,,,,,,,,,,,,,,,,
COMP9222,Digital Circuits and Systems,,,,,,,,,,,,,,,,,,,,
COMP9242,Advanced Operating Systems,"<a href=/faculties/2017/eng/eng.html"">Faculty of Engineering</a>""","<a href=http://www.cse.unsw.edu.au/"">School of Computer Science and Engineering</a>""",<a class='iw_tst' href='http://www.cse.unsw.edu.au/~cs9242'>www.cse.unsw.edu.au/~cs9242</a>,Sydney,Undergraduate,6,0.125,4,a mark of at least 75 in either COMP3231 or COMP3891.,,2,,,,,,,,,
COMP9243,Distributed Systems,"<a href=/faculties/2017/eng/eng.html"">Faculty of Engineering</a>""","<a href=http://www.cse.unsw.edu.au/"">School of Computer Science and Engineering</a>""",<a class='iw_tst' href='http://www.cse.unsw.edu.au/~cs9243'>www.cse.unsw.edu.au/~cs9243</a>,Sydney,Undergraduate,6,0.125,3,[COMP3231 or COMP3891] and [COMP3331 or TELE3018].,,2,,,,,,,,,
COMP9283,Extended Operating Systems,,,,,,,,,,,,,,,,,,,,
COMP9311,Database Systems,,,,,,,,,,,,,,,,,,,,
COMP9313,Big Data Management,,,,,,,,,,,,,,,,,,,,
COMP9318,Data Warehousing and Data Mining,"<a href=/faculties/2017/eng/eng.html"">Faculty of Engineering</a>""","<a href=http://www.cse.unsw.edu.au/"">School of Computer Science and Engineering</a>""",<a class='iw_tst' href='http://www.cse.unsw.edu.au/~cs9318'>www.cse.unsw.edu.au/~cs9318</a>,Sydney,Undergraduate,6,0.125,3,"COMP1927 or COMP2521, and COMP3311",,2,,,,,,,,,
COMP9319,Web Data Compression and Search,"<a href=/faculties/2017/eng/eng.html"">Faculty of Engineering</a>""","<a href=http://www.cse.unsw.edu.au/"">School of Computer Science and Engineering</a>""",<a class='iw_tst' href='http://www.cse.unsw.edu.au/~cs9319'>www.cse.unsw.edu.au/~cs9319</a>,Sydney,Undergraduate,6,0.125,5,COMP2521 or COMP1927,,2,,,,,,,,,
COMP9321,Web Applications Engineering,"<a href=/faculties/2017/eng/eng.html"">Faculty of Engineering</a>""","<a href=http://www.cse.unsw.edu.au/"">School of Computer Science and Engineering</a>""",<a class='iw_tst' href='http://www.cse.unsw.edu.au/~cs9321'>www.cse.unsw.edu.au/~cs9321</a>,Sydney,Undergraduate,6,0.125,3,"COMP1531 and COMP2041, or (COMP3311, and COMP2911 or COMP2511)",,2,,,,,,,,,
COMP9322,Service-Oriented Architectures,"<a href=/faculties/2017/eng/eng.html"">Faculty of Engineering</a>""","<a href=http://www.cse.unsw.edu.au/"">School of Computer Science and Engineering</a>""",<a class='iw_tst' href='http://www.cse.unsw.edu.au/~cs9322'>www.cse.unsw.edu.au/~cs9322</a>,Sydney,Undergraduate,6,0.125,3,COMP9321.,,2,,,,,,,,,
COMP9323,e-Enterprise Project,"<a href=/faculties/2017/eng/eng.html"">Faculty of Engineering</a>""","<a href=http://www.cse.unsw.edu.au/"">School of Computer Science and Engineering</a>""",<a class='iw_tst' href='http://www.cse.unsw.edu.au/~cs9323'>www.cse.unsw.edu.au/~cs9323</a>,Sydney,Undergraduate,6,0.125,3,,,2,,,,,,,,,
COMP9331,Computer Networks and Applications,,,,,,,,,,,,,,,,,,,,
COMP9334,Capacity Planning of Computer Systems and Networks,"<a href=/faculties/2017/eng/eng.html"">Faculty of Engineering</a>""","<a href=http://www.cse.unsw.edu.au/"">School of Computer Science and Engineering</a>""",<a class='iw_tst' href='http://www.cse.unsw.edu.au/~cs9334'>www.cse.unsw.edu.au/~cs9334</a>,Sydney,Undergraduate,6,0.125,3,COMP1511 or COMP1917 or COMP1921,,2,,,,,,,,,
COMP9336,Mobile Data Networking,,,,,,,,,,,,,,,,,,,,
COMP9337,Securing Wireless Networks,,,,,,,,,,,,,,,,,,,,
COMP9414,Artificial Intelligence,,,,,,,,,,,,,,,,,,,,
COMP9415,Computer Graphics,,,,,,,,,,,,,,,,,,,,
COMP9417,Machine Learning and Data Mining,"<a href=/faculties/2017/eng/eng.html"">Faculty of Engineering</a>""","<a href=http://www.cse.unsw.edu.au/"">School of Computer Science and Engineering</a>""",<a class='iw_tst' href='http://www.cse.unsw.edu.au/~cs9417'>www.cse.unsw.edu.au/~cs9417</a>,Sydney,Undergraduate,6,0.125,3,COMP1927,,2,,,,,,,,,
COMP9418,Advanced Topics in Statistical Machine Learning,,,,,,,,,,,,,,,,,,,,
COMP9431,Robotic Software Architecture,,,,,,,,,,,,,,,,,,,,
COMP9444,Neural Networks and Deep Learning,"<a href=/faculties/2017/eng/eng.html"">Faculty of Engineering</a>""","<a href=http://www.cse.unsw.edu.au/"">School of Computer Science and Engineering</a>""",<a class='iw_tst' href='http://www.cse.unsw.edu.au/~cs9444'>www.cse.unsw.edu.au/~cs9444</a>,Sydney,Undergraduate,6,0.125,3,COMP1927 or COMP2521 or MTRN3500,COMP9844,2,,,,,,,,,
COMP9447,Security Engineering Workshop,"<a href=/faculties/2017/eng/eng.html"">Faculty of Engineering</a>""","<a href=http://www.cse.unsw.edu.au/"">School of Computer Science and Engineering</a>""","<a href=http://www.cse.unsw.edu.au/~cs9447"">http://www.cse.unsw.edu.au/~cs9447</a>""",Sydney,Undergraduate,6,0.125,4,COMP6441 or COMP6841 or COMP3441,COMP6447,2,,,,,,,,,
COMP9511,Human Computer Interaction,,,,,,,,,,,,,,,,,,,,
COMP9517,Computer Vision,"<a href=/faculties/2017/eng/eng.html"">Faculty of Engineering</a>""","<a href=http://www.cse.unsw.edu.au/"">School of Computer Science and Engineering</a>""",<a class='iw_tst' href='http://www.cse.unsw.edu.au/~cs9517'>www.cse.unsw.edu.au/~cs9517</a>,Sydney,Undergraduate,6,0.125,3,COMP2521 or COMP1927,,2,,,,,,,,,
COMP9596,Research Project,,,,,,,,,,,,,,,,,,,,
COMP9801,Extended Design &amp; Analysis of Algorithms,,,,,,,,,,,,,,,,,,,,
COMP9814,Extended Artificial Intelligence,,,,,,,,,,,,,,,,,,,,
COMP9900,Information Technology Project,,,,,,,,,,,,,,,,,,,,
COMP9945,Research Project,,,,,,,,,,,,,,,,,,,,
